{"cameraMode":{"drawMode":0,"name":"Shaded","section":"Shading Mode"},"sceneLighting":true,"audioPlay":false,"sceneViewState":{"m_AlwaysRefresh":false,"showFog":true,"showSkybox":true,"showFlares":true,"showImageEffects":true,"showParticleSystems":true,"showVisualEffectGraphs":true,"m_FxEnabled":true},"in2DMode":false,"pivot":{"x":1008.2764282226563,"y":602.7745971679688,"z":410.446533203125},"rotation":{"x":0.023021280765533448,"y":-0.07817955315113068,"z":-0.0018987488001585007,"w":-0.9966936707496643},"size":547.6358032226563,"orthographic":false}