{"cameraMode":{"drawMode":0,"name":"Shaded","section":"Shading Mode"},"sceneLighting":true,"audioPlay":false,"sceneViewState":{"m_AlwaysRefresh":false,"showFog":true,"showSkybox":true,"showFlares":true,"showImageEffects":true,"showParticleSystems":true,"showVisualEffectGraphs":true,"m_FxEnabled":true},"in2DMode":false,"pivot":{"x":266.4629211425781,"y":484.11346435546877,"z":517.186767578125},"rotation":{"x":0.06894291937351227,"y":-0.010462495498359204,"z":-0.0008031164761632681,"w":-0.9975736737251282},"size":525.1167602539063,"orthographic":false}